Workbook

Sheet LEIA-ME
A1: HOPI HARI · TRACKER SEMANAL DE SEGUIDORES
A2: Inteligência Competitiva · 7 parques · 5 plataformas · fechamento toda terça-feira
B4: COMO PREENCHER (leva ~10 min por semana)
B5: 1. Abra a aba COLETA. Cada linha é um par parque + plataforma; cada coluna é uma terça-feira.
B6: 2. Localize a coluna da terça-feira atual e preencha os 34 campos com o número de seguidores do dia.
B7: 3. Digite apenas números inteiros, sem ponto, vírgula, 'mil' ou 'M'. Ex.: 1250000 (não 1,25M).
B8: 4. Preencha a coluna PERFIL / URL uma única vez — ela fica fixa e serve de atalho na coleta.
B9: 5. Vá ao DASHBOARD e selecione a semana no menu suspenso. Tudo recalcula sozinho.
B10: 6. A aba EVOLUÇÃO mostra a série histórica completa e o gráfico de tendência.
B12: EXEMPLO DE PREENCHIMENTO — formato esperado
B13: PARQUE | C13: PLATAFORMA | D13: PERFIL / URL | E13: 25/08/2026 | F13: 01/09/2026
B14: Hopi Hari | C14: Instagram | D14: @hopihari | E14: 1284500 | F14: 1291300
B15: Beto Carrero World | C15: TikTok | D15: @betocarrerooficial | E15: 892100 | F15: 895740
B16: Células em amarelo claro = você digita. Células escuras = calculadas, não editar.
B18: CONVENÇÕES METODOLÓGICAS
B19: • Fechamento semanal na TERÇA-FEIRA, mesma janela de horário toda semana (recomendado: até 12h).
B20: • Metodologia ponto-a-ponto: comparação sempre entre a terça atual e a terça imediatamente anterior.
B21: • Cacau Park · LinkedIn fica FORA do índice (perfil não elegível) — célula bloqueada em cinza.
B22: • Total de seguidores = soma das 5 plataformas. Índice de concorrentes = soma dos 6 parques rivais.
B23: • Semana sem coleta: deixe em branco (não digite 0) para não distorcer a variação.
B25: ABAS DESTE ARQUIVO
B26: COLETA → entrada de dados. É a única aba onde você digita.
B27: DASHBOARD → ranking, share do índice, variação semanal e detalhe por plataforma.
B28: EVOLUÇÃO → série histórica das 27 semanas + gráfico de tendência.
B31: Paleta aplicada: roxo #6C2BD9 e amarelo #FFC400 sobre base escura. Trocar por hex oficial é ajuste de 1 min.

Sheet COLETA
A1: COLETA SEMANAL DE SEGUIDORES
A2: Preencha uma coluna por semana · apenas números inteiros · fechamento terça-feira
A3: Células claras = preencher. Cinza = fora do índice. Não insira nem apague linhas: o DASHBOARD depende desta ordem.
A4: PARQUE | B4: PLATAFORMA | C4: PERFIL / URL | D4: 46257 | E4: 46263 | F4: 46271 | G4: 46278 | H4: 46285 | I4: 46292 | J4: 46299 | K4: 46306 | L4: 46315 | M4: 46322 | N4: 46329 | O4: 46336 | P4: 46343 | Q4: 46350 | R4: 46357 | S4: 46364 | T4: 46371 | U4: 46378 | V4: 46385 | W4: 46392 | X4: 46399 | Y4: 46406 | Z4: 46413 | AA4: 46420 | AB4: 46427 | AC4: 46434 | AD4: 46441
A5: Hopi Hari | B5: Instagram | C5: https://www.instagram.com/hopihari/ | D5: 1538814
A6: Hopi Hari | B6: TikTok | C6: https://www.tiktok.com/@hopihari | D6: 408600
A7: Hopi Hari | B7: Facebook | C7: https://www.facebook.com/HopiHari | D7: 983823
A8: Hopi Hari | B8: YouTube | C8: https://www.youtube.com/@HopiHariOficial | D8: 58240
A9: Hopi Hari | B9: LinkedIn | C9: https://www.linkedin.com/company/hopihari/?viewAsMember=true | D9: 17371
A10: Beto Carrero World | B10: Instagram | C10: https://www.instagram.com/betocarrero/ | D10: 4900000
A11: Beto Carrero World | B11: TikTok | C11: https://www.tiktok.com/@betocarreroworld | D11: 3800000
A12: Beto Carrero World | B12: Facebook | C12: https://www.facebook.com/betocarreroworld | D12: 3700000
A13: Beto Carrero World | B13: YouTube | C13: https://www.youtube.com/@BetoCarreroWorldBR | D13: 644000
A14: Beto Carrero World | B14: LinkedIn | C14: https://www.linkedin.com/company/beto-carrero-world/ | D14: 31000
A15: Beach Park | B15: Instagram | C15: https://www.instagram.com/beachpark/ | D15: 2300000
A16: Beach Park | B16: TikTok | C16: https://www.tiktok.com/@beachpark?lang=en-GB | D16: 442100
... A23: Hot Park | B23: YouTube | C23: https://www.youtube.com/@hotpark | D23: 18300
A24: Hot Park | B24: LinkedIn | C24: - | D24: 1 | E24: 0
A25: Cacau Park | B25: Instagram | C25: https://www.instagram.com/cacaupark/ | D25: 586000
A26: Cacau Park | B26: TikTok | C26: https://www.tiktok.com/@cacauparkofc?lang=en-GB | D26: 95400
A27: Cacau Park | B27: Facebook | C27: https://www.facebook.com/profile.php?id=61569372817636 | D27: 54000
A28: Cacau Park | B28: YouTube | C28: https://www.youtube.com/@Cacau_Park | D28: 10200
A29: Cacau Park | B29: LinkedIn | C29: - | D29: 1
A30: Wet'n Wild | B30: Instagram | C30: https://www.instagram.com/wetnwildsp/ | D30: 629000
A31: Wet'n Wild | B31: TikTok | C31: https://www.tiktok.com/@wetnwildsp?lang=en-GB | D31: 50000
A32: Wet'n Wild | B32: Facebook | C32: https://www.facebook.com/wetnwildsaopaulo | D32: 464000
A33: Wet'n Wild | B33: YouTube | C33: https://www.youtube.com/@WetnWildoficial | D33: 11000
A34: Wet'n Wild | B34: LinkedIn | C34: https://www.linkedin.com/company/wetnwild/ | D34: 11000
A35: Thermas de São Pedro | B35: Instagram | C35: https://www.instagram.com/thermasdesaopedro/ | D35: 1100000
A36: Thermas de São Pedro | B36: TikTok | C36: https://www.tiktok.com/@thermasdesaopedrooficial?lang=en-GB | D36: 142800
... A39: Thermas de São Pedro | B39: LinkedIn | C39: https://www.linkedin.com/company/thermasdesaopedro/ | D39: 10000

Sheet DASHBOARD
A1: DASHBOARD COMPETITIVO
A2: Selecione a semana e todos os blocos recalculam automaticamente
A3: SEMANA (terça): | B3: 46257 | C3: ◄ menu suspenso | H3: índices →
H4: =IFERROR(MATCH($B$3,COLETA!$D$4:$AD$4,0),1) -> 1
H5: =IF($H$4>1,$H$4-1,"")
A7: RANKING GERAL · TOTAL DE SEGUIDORES (5 PLATAFORMAS)
A8: PARQUE | B8: SEMANA SELEC. | C8: SEMANA ANTERIOR | D8: Δ ABSOLUTO | E8: Δ % | F8: SHARE DO ÍNDICE | G8: POSIÇÃO
A9: Hopi Hari | B9: {=SUMPRODUCT((COLETA!$A$5:$A$39=$A9)*INDEX(COLETA!$D$5:$AD$39,0,$H$4))} -> 3006848 | C9: {=IF($H$5="","",SUMPRODUCT((COLETA!$A$5:$A$39=$A9)*INDEX(COLETA!$D$5:$AD$39,0,$H$5)))} | D9: =IF(OR($C9="",$C9=0),"",$B9-$C9) | E9: =IFERROR($D9/$C9,"") | F9: =IFERROR($B9/$B$16,"") -> 0.11196416 | G9: =IF($B9=0,"",RANK($B9,$B$9:$B$15)) -> 3
A10: Beto Carrero World | B10: {=SUMPRODUCT((COLETA!$A$5:$A$39=$A10)*INDEX(COLETA!$D$5:$AD$39,0,$H$4))} -> 13075000 | C10: {=IF($H$5="","",SUMPRODUCT((COLETA!$A$5:$A$39=$A10)*INDEX(COLETA!$D$5:$AD$39,0,$H$5)))} | D10: =IF(OR($C10="",$C10=0),"",$B10-$C10) | E10: =IFERROR($D10/$C10,"") | F10: =IFERROR($B10/$B$16,"") -> 0.48686579 | G10: =IF($B10=0,"",RANK($B10,$B$9:$B$15)) -> 1
A11: Beach Park | B11: {=SUMPRODUCT((COLETA!$A$5:$A$39=$A11)*INDEX(COLETA!$D$5:$AD$39,0,$H$4))} -> 4994100 | C11: {=IF($H$5="","",SUMPRODUCT((COLETA!$A$5:$A$39=$A11)*INDEX(COLETA!$D$5:$AD$39,0,$H$5)))} | D11: =IF(OR($C11="",$C11=0),"",$B11-$C11) | E11: =IFERROR($D11/$C11,"") | F11: =IFERROR($B11/$B$16,"") -> 0.18596225 | G11: =IF($B11=0,"",RANK($B11,$B$9:$B$15)) -> 2
A12: Hot Park | B12: {=SUMPRODUCT((COLETA!$A$5:$A$39=$A12)*INDEX(COLETA!$D$5:$AD$39,0,$H$4))} -> 1933301 | C12: {=IF($H$5="","",SUMPRODUCT((COLETA!$A$5:$A$39=$A12)*INDEX(COLETA!$D$5:$AD$39,0,$H$5)))} | D12: =IF(OR($C12="",$C12=0),"",$B12-$C12) | E12: =IFERROR($D12/$C12,"") | F12: =IFERROR($B12/$B$16,"") -> 0.071989149 | G12: =IF($B12=0,"",RANK($B12,$B$9:$B$15)) -> 5
A13: Cacau Park | B13: {=SUMPRODUCT((COLETA!$A$5:$A$39=$A13)*INDEX(COLETA!$D$5:$AD$39,0,$H$4))} -> 745601 | C13: {=IF($H$5="","",SUMPRODUCT((COLETA!$A$5:$A$39=$A13)*INDEX(COLETA!$D$5:$AD$39,0,$H$5)))} | D13: =IF(OR($C13="",$C13=0),"",$B13-$C13) | E13: =IFERROR($D13/$C13,"") | F13: =IFERROR($B13/$B$16,"") -> 0.027763489 | G13: =IF($B13=0,"",RANK($B13,$B$9:$B$15)) -> 7
A14: Wet'n Wild | B14: {=SUMPRODUCT((COLETA!$A$5:$A$39=$A14)*INDEX(COLETA!$D$5:$AD$39,0,$H$4))} -> 1165000 | C14: {=IF($H$5="","",SUMPRODUCT((COLETA!$A$5:$A$39=$A14)*INDEX(COLETA!$D$5:$AD$39,0,$H$5)))} | D14: =IF(OR($C14="",$C14=0),"",$B14-$C14) | E14: =IFERROR($D14/$C14,"") | F14: =IFERROR($B14/$B$16,"") -> 0.043380394 | G14: =IF($B14=0,"",RANK($B14,$B$9:$B$15)) -> 6
A15: Thermas de São Pedro | B15: {=SUMPRODUCT((COLETA!$A$5:$A$39=$A15)*INDEX(COLETA!$D$5:$AD$39,0,$H$4))} -> 1935600 | C15: {=IF($H$5="","",SUMPRODUCT((COLETA!$A$5:$A$39=$A15)*INDEX(COLETA!$D$5:$AD$39,0,$H$5)))} | D15: =IF(OR($C15="",$C15=0),"",$B15-$C15) | E15: =IFERROR($D15/$C15,"") | F15: =IFERROR($B15/$B$16,"") -> 0.072074756 | G15: =IF($B15=0,"",RANK($B15,$B$9:$B$15)) -> 4
A16: TOTAL DO ÍNDICE | B16: =SUM($B$9:$B$15) -> 26855450 | C16: =IF($H$5="","",SUM($C$9:$C$15)) | D16: =IF($C16="","",$B16-$C16) | E16: =IFERROR($D16/$C16,"") | F16: 1
A18: DETALHE POR PLATAFORMA · SEMANA SELECIONADA
A19: PARQUE | B19: Instagram | C19: TikTok | D19: Facebook | E19: YouTube | F19: LinkedIn | G19: TOTAL
A20: Hopi Hari | B20: {=SUMPRODUCT((COLETA!$A$5:$A$39=$A20)*(COLETA!$B$5:$B$39=B$19)*INDEX(COLETA!$D$5:$AD$39,0,$H$4))} -> 1538814 | C20: {=SUMPRODUCT((COLETA!$A$5:$A$39=$A20)*(COLETA!$B$5:$B$39=C$19)*INDEX(COLETA!$D$5:$AD$39,0,$H$4))} -> 408600 | D20: {=SUMPRODUCT((COLETA!$A$5:$A$39=$A20)*(COLETA!$B$5:$B$39=D$19)*INDEX(COLETA!$D$5:$AD$39,0,$H$4))} -> 983823 | E20: {=SUMPRODUCT((COLETA!$A$5:$A$39=$A20)*(COLETA!$B$5:$B$39=E$19)*INDEX(COLETA!$D$5:$AD$39,0,$H$4))} -> 58240 | F20: {=SUMPRODUCT((COLETA!$A$5:$A$39=$A20)*(COLETA!$B$5:$B$39=F$19)*INDEX(COLETA!$D$5:$AD$39,0,$H$4))} -> 17371 | G20: =SUM($B20:$F20) -> 3006848
A21: Beto Carrero World | B21: {=SUMPRODUCT((COLETA!$A$5:$A$39=$A21)*(COLETA!$B$5:$B$39=B$19)*INDEX(COLETA!$D$5:$AD$39,0,$H$4))} -> 4900000 | C21: {=SUMPRODUCT((COLETA!$A$5:$A$39=$A21)*(COLETA!$B$5:$B$39=C$19)*INDEX(COLETA!$D$5:$AD$39,0,$H$4))} -> 3800000 | D21: {=SUMPRODUCT((COLETA!$A$5:$A$39=$A21)*(COLETA!$B$5:$B$39=D$19)*INDEX(COLETA!$D$5:$AD$39,0,$H$4))} -> 3700000 | E21: {=SUMPRODUCT((COLETA!$A$5:$A$39=$A21)*(COLETA!$B$5:$B$39=E$19)*INDEX(COLETA!$D$5:$AD$39,0,$H$4))} -> 644000 | F21: {=SUMPRODUCT((COLETA!$A$5:$A$39=$A21)*(COLETA!$B$5:$B$39=F$19)*INDEX(COLETA!$D$5:$AD$39,0,$H$4))} -> 31000 | G21: =SUM($B21:$F21) -> 13075000
A22: Beach Park | B22: {=SUMPRODUCT((COLETA!$A$5:$A$39=$A22)*(COLETA!$B$5:$B$39=B$19)*INDEX(COLETA!$D$5:$AD$39,0,$H$4))} -> 2300000 | C22: {=SUMPRODUCT((COLETA!$A$5:$A$39=$A22)*(COLETA!$B$5:$B$39=C$19)*INDEX(COLETA!$D$5:$AD$39,0,$H$4))} -> 442100 | D22: {=SUMPRODUCT((COLETA!$A$5:$A$39=$A22)*(COLETA!$B$5:$B$39=D$19)*INDEX(COLETA!$D$5:$AD$39,0,$H$4))} -> 2000000 | E22: {=SUMPRODUCT((COLETA!$A$5:$A$39=$A22)*(COLETA!$B$5:$B$39=E$19)*INDEX(COLETA!$D$5:$AD$39,0,$H$4))} -> 186000 | F22: {=SUMPRODUCT((COLETA!$A$5:$A$39=$A22)*(COLETA!$B$5:$B$39=F$19)*INDEX(COLETA!$D$5:$AD$39,0,$H$4))} -> 66000 | G22: =SUM($B22:$F22) -> 4994100
A23: Hot Park | B23: {=SUMPRODUCT((COLETA!$A$5:$A$39=$A23)*(COLETA!$B$5:$B$39=B$19)*INDEX(COLETA!$D$5:$AD$39,0,$H$4))} -> 1000000 | C23: {=SUMPRODUCT((COLETA!$A$5:$A$39=$A23)*(COLETA!$B$5:$B$39=C$19)*INDEX(COLETA!$D$5:$AD$39,0,$H$4))} -> 250000 | D23: {=SUMPRODUCT((COLETA!$A$5:$A$39=$A23)*(COLETA!$B$5:$B$39=D$19)*INDEX(COLETA!$D$5:$AD$39,0,$H$4))} -> 665000 | E23: {=SUMPRODUCT((COLETA!$A$5:$A$39=$A23)*(COLETA!$B$5:$B$39=E$19)*INDEX(COLETA!$D$5:$AD$39,0,$H$4))} -> 18300 | F23: {=SUMPRODUCT((COLETA!$A$5:$A$39=$A23)*(COLETA!$B$5:$B$39=F$19)*INDEX(COLETA!$D$5:$AD$39,0,$H$4))} -> 1 | G23: =SUM($B23:$F23) -> 1933301
A24: Cacau Park | B24: {=SUMPRODUCT((COLETA!$A$5:$A$39=$A24)*(COLETA!$B$5:$B$39=B$19)*INDEX(COLETA!$D$5:$AD$39,0,$H$4))} -> 586000 | C24: {=SUMPRODUCT((COLETA!$A$5:$A$39=$A24)*(COLETA!$B$5:$B$39=C$19)*INDEX(COLETA!$D$5:$AD$39,0,$H$4))} -> 95400 | D24: {=SUMPRODUCT((COLETA!$A$5:$A$39=$A24)*(COLETA!$B$5:$B$39=D$19)*INDEX(COLETA!$D$5:$AD$39,0,$H$4))} -> 54000 | E24: {=SUMPRODUCT((COLETA!$A$5:$A$39=$A24)*(COLETA!$B$5:$B$39=E$19)*INDEX(COLETA!$D$5:$AD$39,0,$H$4))} -> 10200 | F24: {=SUMPRODUCT((COLETA!$A$5:$A$39=$A24)*(COLETA!$B$5:$B$39=F$19)*INDEX(COLETA!$D$5:$AD$39,0,$H$4))} -> 1 | G24: =SUM($B24:$F24) -> 745601
A25: Wet'n Wild | B25: {=SUMPRODUCT((COLETA!$A$5:$A$39=$A25)*(COLETA!$B$5:$B$39=B$19)*INDEX(COLETA!$D$5:$AD$39,0,$H$4))} -> 629000 | C25: {=SUMPRODUCT((COLETA!$A$5:$A$39=$A25)*(COLETA!$B$5:$B$39=C$19)*INDEX(COLETA!$D$5:$AD$39,0,$H$4))} -> 50000 | D25: {=SUMPRODUCT((COLETA!$A$5:$A$39=$A25)*(COLETA!$B$5:$B$39=D$19)*INDEX(COLETA!$D$5:$AD$39,0,$H$4))} -> 464000 | E25: {=SUMPRODUCT((COLETA!$A$5:$A$39=$A25)*(COLETA!$B$5:$B$39=E$19)*INDEX(COLETA!$D$5:$AD$39,0,$H$4))} -> 11000 | F25: {=SUMPRODUCT((COLETA!$A$5:$A$39=$A25)*(COLETA!$B$5:$B$39=F$19)*INDEX(COLETA!$D$5:$AD$39,0,$H$4))} -> 11000 | G25: =SUM($B25:$F25) -> 1165000
A26: Thermas de São Pedro | B26: {=SUMPRODUCT((COLETA!$A$5:$A$39=$A26)*(COLETA!$B$5:$B$39=B$19)*INDEX(COLETA!$D$5:$AD$39,0,$H$4))} -> 1100000 | C26: {=SUMPRODUCT((COLETA!$A$5:$A$39=$A26)*(COLETA!$B$5:$B$39=C$19)*INDEX(COLETA!$D$5:$AD$39,0,$H$4))} -> 142800 | D26: {=SUMPRODUCT((COLETA!$A$5:$A$39=$A26)*(COLETA!$B$5:$B$39=D$19)*INDEX(COLETA!$D$5:$AD$39,0,$H$4))} -> 675000 | E26: {=SUMPRODUCT((COLETA!$A$5:$A$39=$A26)*(COLETA!$B$5:$B$39=E$19)*INDEX(COLETA!$D$5:$AD$39,0,$H$4))} -> 7800 | F26: {=SUMPRODUCT((COLETA!$A$5:$A$39=$A26)*(COLETA!$B$5:$B$39=F$19)*INDEX(COLETA!$D$5:$AD$39,0,$H$4))} -> 10000 | G26: =SUM($B26:$F26) -> 1935600
A27: TOTAL DO ÍNDICE | B27: =SUM(B$20:B$26) -> 12053814 | C27: =SUM(C$20:C$26) -> 5188900 | D27: =SUM(D$20:D$26) -> 8541823 | E27: =SUM(E$20:E$26) -> 935540 | F27: =SUM(F$20:F$26) -> 135373 | G27: =SUM(G$20:G$26) -> 26855450
A29: VARIAÇÃO SEMANAL POR PLATAFORMA · Δ vs. SEMANA ANTERIOR
A30: PARQUE | B30: Instagram | C30: TikTok | D30: Facebook | E30: YouTube | F30: LinkedIn | G30: Δ TOTAL
A31: Hopi Hari | B31: {=IF($H$5="","",SUMPRODUCT((COLETA!$A$5:$A$39=$A31)*(COLETA!$B$5:$B$39=B$30)*INDEX(COLETA!$D$5:$AD$39,0,$H$4))-SUMPRODUCT((COLETA!$A$5:$A$39=$A31)*(COLETA!$B$5:$B$39=B$30)*INDEX(COLETA!$D$5:$AD$39,0,$H$5)))} | C31: {=IF($H$5="","",SUMPRODUCT((COLETA!$A$5:$A$39=$A31)*(COLETA!$B$5:$B$39=C$30)*INDEX(COLETA!$D$5:$AD$39,0,$H$4))-SUMPRODUCT((COLETA!$A$5:$A$39=$A31)*(COLETA!$B$5:$B$39=C$30)*INDEX(COLETA!$D$5:$AD$39,0,$H$5)))} | D31: {=IF($H$5="","",SUMPRODUCT((COLETA!$A$5:$A$39=$A31)*(COLETA!$B$5:$B$39=D$30)*INDEX(COLETA!$D$5:$AD$39,0,$H$4))-SUMPRODUCT((COLETA!$A$5:$A$39=$A31)*(COLETA!$B$5:$B$39=D$30)*INDEX(COLETA!$D$5:$AD$39,0,$H$5)))} | E31: {=IF($H$5="","",SUMPRODUCT((COLETA!$A$5:$A$39=$A31)*(COLETA!$B$5:$B$39=E$30)*INDEX(COLETA!$D$5:$AD$39,0,$H$4))-SUMPRODUCT((COLETA!$A$5:$A$39=$A31)*(COLETA!$B$5:$B$39=E$30)*INDEX(COLETA!$D$5:$AD$39,0,$H$5)))} | F31: {=IF($H$5="","",SUMPRODUCT((COLETA!$A$5:$A$39=$A31)*(COLETA!$B$5:$B$39=F$30)*INDEX(COLETA!$D$5:$AD$39,0,$H$4))-SUMPRODUCT((COLETA!$A$5:$A$39=$A31)*(COLETA!$B$5:$B$39=F$30)*INDEX(COLETA!$D$5:$AD$39,0,$H$5)))} | G31: =IF($H$5="","",SUM($B31:$F31))
A32: Beto Carrero World | B32: {=IF($H$5="","",SUMPRODUCT((COLETA!$A$5:$A$39=$A32)*(COLETA!$B$5:$B$39=B$30)*INDEX(COLETA!$D$5:$AD$39,0,$H$4))-SUMPRODUCT((COLETA!$A$5:$A$39=$A32)*(COLETA!$B$5:$B$39=B$30)*INDEX(COLETA!$D$5:$AD$39,0,$H$5)))} | C32: {=IF($H$5="","",SUMPRODUCT((COLETA!$A$5:$A$39=$A32)*(COLETA!$B$5:$B$39=C$30)*INDEX(COLETA!$D$5:$AD$39,0,$H$4))-SUMPRODUCT((COLETA!$A$5:$A$39=$A32)*(COLETA!$B$5:$B$39=C$30)*INDEX(COLETA!$D$5:$AD$39,0,$H$5)))} | D32: {=IF($H$5="","",SUMPRODUCT((COLETA!$A$5:$A$39=$A32)*(COLETA!$B$5:$B$39=D$30)*INDEX(COLETA!$D$5:$AD$39,0,$H$4))-SUMPRODUCT((COLETA!$A$5:$A$39=$A32)*(COLETA!$B$5:$B$39=D$30)*INDEX(COLETA!$D$5:$AD$39,0,$H$5)))} | E32: {=IF($H$5="","",SUMPRODUCT((COLETA!$A$5:$A$39=$A32)*(COLETA!$B$5:$B$39=E$30)*INDEX(COLETA!$D$5:$AD$39,0,$H$4))-SUMPRODUCT((COLETA!$A$5:$A$39=$A32)*(COLETA!$B$5:$B$39=E$30)*INDEX(COLETA!$D$5:$AD$39,0,$H$5)))} | F32: {=IF($H$5="","",SUMPRODUCT((COLETA!$A$5:$A$39=$A32)*(COLETA!$B$5:$B$39=F$30)*INDEX(COLETA!$D$5:$AD$39,0,$H$4))-SUMPRODUCT((COLETA!$A$5:$A$39=$A32)*(COLETA!$B$5:$B$39=F$30)*INDEX(COLETA!$D$5:$AD$39,0,$H$5)))} | G32: =IF($H$5="","",SUM($B32:$F32))
A33: Beach Park | B33: {=IF($H$5="","",SUMPRODUCT((COLETA!$A$5:$A$39=$A33)*(COLETA!$B$5:$B$39=B$30)*INDEX(COLETA!$D$5:$AD$39,0,$H$4))-SUMPRODUCT((COLETA!$A$5:$A$39=$A33)*(COLETA!$B$5:$B$39=B$30)*INDEX(COLETA!$D$5:$AD$39,0,$H$5)))} | C33: {=IF($H$5="","",SUMPRODUCT((COLETA!$A$5:$A$39=$A33)*(COLETA!$B$5:$B$39=C$30)*INDEX(COLETA!$D$5:$AD$39,0,$H$4))-SUMPRODUCT((COLETA!$A$5:$A$39=$A33)*(COLETA!$B$5:$B$39=C$30)*INDEX(COLETA!$D$5:$AD$39,0,$H$5)))} | D33: {=IF($H$5="","",SUMPRODUCT((COLETA!$A$5:$A$39=$A33)*(COLETA!$B$5:$B$39=D$30)*INDEX(COLETA!$D$5:$AD$39,0,$H$4))-SUMPRODUCT((COLETA!$A$5:$A$39=$A33)*(COLETA!$B$5:$B$39=D$30)*INDEX(COLETA!$D$5:$AD$39,0,$H$5)))} | E33: {=IF($H$5="","",SUMPRODUCT((COLETA!$A$5:$A$39=$A33)*(COLETA!$B$5:$B$39=E$30)*INDEX(COLETA!$D$5:$AD$39,0,$H$4))-SUMPRODUCT((COLETA!$A$5:$A$39=$A33)*(COLETA!$B$5:$B$39=E$30)*INDEX(COLETA!$D$5:$AD$39,0,$H$5)))} | F33: {=IF($H$5="","",SUMPRODUCT((COLETA!$A$5:$A$39=$A33)*(COLETA!$B$5:$B$39=F$30)*INDEX(COLETA!$D$5:$AD$39,0,$H$4))-SUMPRODUCT((COLETA!$A$5:$A$39=$A33)*(COLETA!$B$5:$B$39=F$30)*INDEX(COLETA!$D$5:$AD$39,0,$H$5)))} | G33: =IF($H$5="","",SUM($B33:$F33))
A34: Hot Park | B34: {=IF($H$5="","",SUMPRODUCT((COLETA!$A$5:$A$39=$A34)*(COLETA!$B$5:$B$39=B$30)*INDEX(COLETA!$D$5:$AD$39,0,$H$4))-SUMPRODUCT((COLETA!$A$5:$A$39=$A34)*(COLETA!$B$5:$B$39=B$30)*INDEX(COLETA!$D$5:$AD$39,0,$H$5)))} | C34: {=IF($H$5="","",SUMPRODUCT((COLETA!$A$5:$A$39=$A34)*(COLETA!$B$5:$B$39=C$30)*INDEX(COLETA!$D$5:$AD$39,0,$H$4))-SUMPRODUCT((COLETA!$A$5:$A$39=$A34)*(COLETA!$B$5:$B$39=C$30)*INDEX(COLETA!$D$5:$AD$39,0,$H$5)))} | D34: {=IF($H$5="","",SUMPRODUCT((COLETA!$A$5:$A$39=$A34)*(COLETA!$B$5:$B$39=D$30)*INDEX(COLETA!$D$5:$AD$39,0,$H$4))-SUMPRODUCT((COLETA!$A$5:$A$39=$A34)*(COLETA!$B$5:$B$39=D$30)*INDEX(COLETA!$D$5:$AD$39,0,$H$5)))} | E34: {=IF($H$5="","",SUMPRODUCT((COLETA!$A$5:$A$39=$A34)*(COLETA!$B$5:$B$39=E$30)*INDEX(COLETA!$D$5:$AD$39,0,$H$4))-SUMPRODUCT((COLETA!$A$5:$A$39=$A34)*(COLETA!$B$5:$B$39=E$30)*INDEX(COLETA!$D$5:$AD$39,0,$H$5)))} | F34: {=IF($H$5="","",SUMPRODUCT((COLETA!$A$5:$A$39=$A34)*(COLETA!$B$5:$B$39=F$30)*INDEX(COLETA!$D$5:$AD$39,0,$H$4))-SUMPRODUCT((COLETA!$A$5:$A$39=$A34)*(COLETA!$B$5:$B$39=F$30)*INDEX(COLETA!$D$5:$AD$39,0,$H$5)))} | G34: =IF($H$5="","",SUM($B34:$F34))
A35: Cacau Park | B35: {=IF($H$5="","",SUMPRODUCT((COLETA!$A$5:$A$39=$A35)*(COLETA!$B$5:$B$39=B$30)*INDEX(COLETA!$D$5:$AD$39,0,$H$4))-SUMPRODUCT((COLETA!$A$5:$A$39=$A35)*(COLETA!$B$5:$B$39=B$30)*INDEX(COLETA!$D$5:$AD$39,0,$H$5)))} | C35: {=IF($H$5="","",SUMPRODUCT((COLETA!$A$5:$A$39=$A35)*(COLETA!$B$5:$B$39=C$30)*INDEX(COLETA!$D$5:$AD$39,0,$H$4))-SUMPRODUCT((COLETA!$A$5:$A$39=$A35)*(COLETA!$B$5:$B$39=C$30)*INDEX(COLETA!$D$5:$AD$39,0,$H$5)))} | D35: {=IF($H$5="","",SUMPRODUCT((COLETA!$A$5:$A$39=$A35)*(COLETA!$B$5:$B$39=D$30)*INDEX(COLETA!$D$5:$AD$39,0,$H$4))-SUMPRODUCT((COLETA!$A$5:$A$39=$A35)*(COLETA!$B$5:$B$39=D$30)*INDEX(COLETA!$D$5:$AD$39,0,$H$5)))} | E35: {=IF($H$5="","",SUMPRODUCT((COLETA!$A$5:$A$39=$A35)*(COLETA!$B$5:$B$39=E$30)*INDEX(COLETA!$D$5:$AD$39,0,$H$4))-SUMPRODUCT((COLETA!$A$5:$A$39=$A35)*(COLETA!$B$5:$B$39=E$30)*INDEX(COLETA!$D$5:$AD$39,0,$H$5)))} | F35: {=IF($H$5="","",SUMPRODUCT((COLETA!$A$5:$A$39=$A35)*(COLETA!$B$5:$B$39=F$30)*INDEX(COLETA!$D$5:$AD$39,0,$H$4))-SUMPRODUCT((COLETA!$A$5:$A$39=$A35)*(COLETA!$B$5:$B$39=F$30)*INDEX(COLETA!$D$5:$AD$39,0,$H$5)))} | G35: =IF($H$5="","",SUM($B35:$F35))
A36: Wet'n Wild | B36: {=IF($H$5="","",SUMPRODUCT((COLETA!$A$5:$A$39=$A36)*(COLETA!$B$5:$B$39=B$30)*INDEX(COLETA!$D$5:$AD$39,0,$H$4))-SUMPRODUCT((COLETA!$A$5:$A$39=$A36)*(COLETA!$B$5:$B$39=B$30)*INDEX(COLETA!$D$5:$AD$39,0,$H$5)))} | C36: {=IF($H$5="","",SUMPRODUCT((COLETA!$A$5:$A$39=$A36)*(COLETA!$B$5:$B$39=C$30)*INDEX(COLETA!$D$5:$AD$39,0,$H$4))-SUMPRODUCT((COLETA!$A$5:$A$39=$A36)*(COLETA!$B$5:$B$39=C$30)*INDEX(COLETA!$D$5:$AD$39,0,$H$5)))} | D36: {=IF($H$5="","",SUMPRODUCT((COLETA!$A$5:$A$39=$A36)*(COLETA!$B$5:$B$39=D$30)*INDEX(COLETA!$D$5:$AD$39,0,$H$4))-SUMPRODUCT((COLETA!$A$5:$A$39=$A36)*(COLETA!$B$5:$B$39=D$30)*INDEX(COLETA!$D$5:$AD$39,0,$H$5)))} | E36: {=IF($H$5="","",SUMPRODUCT((COLETA!$A$5:$A$39=$A36)*(COLETA!$B$5:$B$39=E$30)*INDEX(COLETA!$D$5:$AD$39,0,$H$4))-SUMPRODUCT((COLETA!$A$5:$A$39=$A36)*(COLETA!$B$5:$B$39=E$30)*INDEX(COLETA!$D$5:$AD$39,0,$H$5)))} | F36: {=IF($H$5="","",SUMPRODUCT((COLETA!$A$5:$A$39=$A36)*(COLETA!$B$5:$B$39=F$30)*INDEX(COLETA!$D$5:$AD$39,0,$H$4))-SUMPRODUCT((COLETA!$A$5:$A$39=$A36)*(COLETA!$B$5:$B$39=F$30)*INDEX(COLETA!$D$5:$AD$39,0,$H$5)))} | G36: =IF($H$5="","",SUM($B36:$F36))
A37: Thermas de São Pedro | B37: {=IF($H$5="","",SUMPRODUCT((COLETA!$A$5:$A$39=$A37)*(COLETA!$B$5:$B$39=B$30)*INDEX(COLETA!$D$5:$AD$39,0,$H$4))-SUMPRODUCT((COLETA!$A$5:$A$39=$A37)*(COLETA!$B$5:$B$39=B$30)*INDEX(COLETA!$D$5:$AD$39,0,$H$5)))} | C37: {=IF($H$5="","",SUMPRODUCT((COLETA!$A$5:$A$39=$A37)*(COLETA!$B$5:$B$39=C$30)*INDEX(COLETA!$D$5:$AD$39,0,$H$4))-SUMPRODUCT((COLETA!$A$5:$A$39=$A37)*(COLETA!$B$5:$B$39=C$30)*INDEX(COLETA!$D$5:$AD$39,0,$H$5)))} | D37: {=IF($H$5="","",SUMPRODUCT((COLETA!$A$5:$A$39=$A37)*(COLETA!$B$5:$B$39=D$30)*INDEX(COLETA!$D$5:$AD$39,0,$H$4))-SUMPRODUCT((COLETA!$A$5:$A$39=$A37)*(COLETA!$B$5:$B$39=D$30)*INDEX(COLETA!$D$5:$AD$39,0,$H$5)))} | E37: {=IF($H$5="","",SUMPRODUCT((COLETA!$A$5:$A$39=$A37)*(COLETA!$B$5:$B$39=E$30)*INDEX(COLETA!$D$5:$AD$39,0,$H$4))-SUMPRODUCT((COLETA!$A$5:$A$39=$A37)*(COLETA!$B$5:$B$39=E$30)*INDEX(COLETA!$D$5:$AD$39,0,$H$5)))} | F37: {=IF($H$5="","",SUMPRODUCT((COLETA!$A$5:$A$39=$A37)*(COLETA!$B$5:$B$39=F$30)*INDEX(COLETA!$D$5:$AD$39,0,$H$4))-SUMPRODUCT((COLETA!$A$5:$A$39=$A37)*(COLETA!$B$5:$B$39=F$30)*INDEX(COLETA!$D$5:$AD$39,0,$H$5)))} | G37: =IF($H$5="","",SUM($B37:$F37))
A39: Fonte: coleta manual semanal na aba COLETA (terça-feira). Cacau Park · LinkedIn excluído do índice.

Sheet EVOLUÇÃO
A1: EVOLUÇÃO HISTÓRICA
A2: Total de seguidores por parque · 27 semanas · alimentado automaticamente pela aba COLETA
A4: PARQUE | B4: =COLETA!D$4 -> 46257 | C4: =COLETA!E$4 -> 46263 | D4: =COLETA!F$4 -> 46271 | E4: =COLETA!G$4 -> 46278 | F4: =COLETA!H$4 -> 46285 | G4: =COLETA!I$4 -> 46292 | H4: =COLETA!J$4 -> 46299 | I4: =COLETA!K$4 -> 46306 | ... AB4: =COLETA!AD$4 -> 46441
A5: Hopi Hari | B5: =IF(COUNT(COLETA!D$5:D$39)=0,"",SUMPRODUCT((COLETA!$A$5:$A$39=$A5)*COLETA!D$5:D$39)) -> 3006848 | C5: =IF(COUNT(COLETA!E$5:E$39)=0,"",SUMPRODUCT((COLETA!$A$5:$A$39=$A5)*COLETA!E$5:E$39)) -> 0 | D5: =IF(COUNT(COLETA!F$5:F$39)=0,"",SUMPRODUCT((COLETA!$A$5:$A$39=$A5)*COLETA!F$5:F$39)) | E5: =IF(COUNT(COLETA!G$5:G$39)=0,"",SUMPRODUCT((COLETA!$A$5:$A$39=$A5)*COLETA!G$5:G$39)) | F5: =IF(COUNT(COLETA!H$5:H$39)=0,"",SUMPRODUCT((COLETA!$A$5:$A$39=$A5)*COLETA!H$5:H$39)) | G5: =IF(COUNT(COLETA!I$5:I$39)=0,"",SUMPRODUCT((COLETA!$A$5:$A$39=$A5)*COLETA!I$5:I$39)) | H5: =IF(COUNT(COLETA!J$5:J$39)=0,"",SUMPRODUCT((COLETA!$A$5:$A$39=$A5)*COLETA!J$5:J$39)) | I5: =IF(COUNT(COLETA!K$5:K$39)=0,"",SUMPRODUCT((COLETA!$A$5:$A$39=$A5)*COLETA!K$5:K$39)) | ... AB5: =IF(COUNT(COLETA!AD$5:AD$39)=0,"",SUMPRODUCT((COLETA!$A$5:$A$39=$A5)*COLETA!AD$5:AD$39))
A6: Beto Carrero World | B6: =IF(COUNT(COLETA!D$5:D$39)=0,"",SUMPRODUCT((COLETA!$A$5:$A$39=$A6)*COLETA!D$5:D$39)) -> 13075000 | C6: =IF(COUNT(COLETA!E$5:E$39)=0,"",SUMPRODUCT((COLETA!$A$5:$A$39=$A6)*COLETA!E$5:E$39)) -> 0 | D6: =IF(COUNT(COLETA!F$5:F$39)=0,"",SUMPRODUCT((COLETA!$A$5:$A$39=$A6)*COLETA!F$5:F$39)) | E6: =IF(COUNT(COLETA!G$5:G$39)=0,"",SUMPRODUCT((COLETA!$A$5:$A$39=$A6)*COLETA!G$5:G$39)) | F6: =IF(COUNT(COLETA!H$5:H$39)=0,"",SUMPRODUCT((COLETA!$A$5:$A$39=$A6)*COLETA!H$5:H$39)) | G6: =IF(COUNT(COLETA!I$5:I$39)=0,"",SUMPRODUCT((COLETA!$A$5:$A$39=$A6)*COLETA!I$5:I$39)) | H6: =IF(COUNT(COLETA!J$5:J$39)=0,"",SUMPRODUCT((COLETA!$A$5:$A$39=$A6)*COLETA!J$5:J$39)) | I6: =IF(COUNT(COLETA!K$5:K$39)=0,"",SUMPRODUCT((COLETA!$A$5:$A$39=$A6)*COLETA!K$5:K$39)) | ... AB6: =IF(COUNT(COLETA!AD$5:AD$39)=0,"",SUMPRODUCT((COLETA!$A$5:$A$39=$A6)*COLETA!AD$5:AD$39))
A7: Beach Park | B7: =IF(COUNT(COLETA!D$5:D$39)=0,"",SUMPRODUCT((COLETA!$A$5:$A$39=$A7)*COLETA!D$5:D$39)) -> 4994100 | C7: =IF(COUNT(COLETA!E$5:E$39)=0,"",SUMPRODUCT((COLETA!$A$5:$A$39=$A7)*COLETA!E$5:E$39)) -> 0 | D7: =IF(COUNT(COLETA!F$5:F$39)=0,"",SUMPRODUCT((COLETA!$A$5:$A$39=$A7)*COLETA!F$5:F$39)) | E7: =IF(COUNT(COLETA!G$5:G$39)=0,"",SUMPRODUCT((COLETA!$A$5:$A$39=$A7)*COLETA!G$5:G$39)) | F7: =IF(COUNT(COLETA!H$5:H$39)=0,"",SUMPRODUCT((COLETA!$A$5:$A$39=$A7)*COLETA!H$5:H$39)) | G7: =IF(COUNT(COLETA!I$5:I$39)=0,"",SUMPRODUCT((COLETA!$A$5:$A$39=$A7)*COLETA!I$5:I$39)) | H7: =IF(COUNT(COLETA!J$5:J$39)=0,"",SUMPRODUCT((COLETA!$A$5:$A$39=$A7)*COLETA!J$5:J$39)) | I7: =IF(COUNT(COLETA!K$5:K$39)=0,"",SUMPRODUCT((COLETA!$A$5:$A$39=$A7)*COLETA!K$5:K$39)) | ... AB7: =IF(COUNT(COLETA!AD$5:AD$39)=0,"",SUMPRODUCT((COLETA!$A$5:$A$39=$A7)*COLETA!AD$5:AD$39))
A8: Hot Park | B8: =IF(COUNT(COLETA!D$5:D$39)=0,"",SUMPRODUCT((COLETA!$A$5:$A$39=$A8)*COLETA!D$5:D$39)) -> 1933301 | C8: =IF(COUNT(COLETA!E$5:E$39)=0,"",SUMPRODUCT((COLETA!$A$5:$A$39=$A8)*COLETA!E$5:E$39)) -> 0 | D8: =IF(COUNT(COLETA!F$5:F$39)=0,"",SUMPRODUCT((COLETA!$A$5:$A$39=$A8)*COLETA!F$5:F$39)) | E8: =IF(COUNT(COLETA!G$5:G$39)=0,"",SUMPRODUCT((COLETA!$A$5:$A$39=$A8)*COLETA!G$5:G$39)) | F8: =IF(COUNT(COLETA!H$5:H$39)=0,"",SUMPRODUCT((COLETA!$A$5:$A$39=$A8)*COLETA!H$5:H$39)) | G8: =IF(COUNT(COLETA!I$5:I$39)=0,"",SUMPRODUCT((COLETA!$A$5:$A$39=$A8)*COLETA!I$5:I$39)) | H8: =IF(COUNT(COLETA!J$5:J$39)=0,"",SUMPRODUCT((COLETA!$A$5:$A$39=$A8)*COLETA!J$5:J$39)) | I8: =IF(COUNT(COLETA!K$5:K$39)=0,"",SUMPRODUCT((COLETA!$A$5:$A$39=$A8)*COLETA!K$5:K$39)) | ... AB8: =IF(COUNT(COLETA!AD$5:AD$39)=0,"",SUMPRODUCT((COLETA!$A$5:$A$39=$A8)*COLETA!AD$5:AD$39))
A9: Cacau Park | B9: =IF(COUNT(COLETA!D$5:D$39)=0,"",SUMPRODUCT((COLETA!$A$5:$A$39=$A9)*COLETA!D$5:D$39)) -> 745601 | C9: =IF(COUNT(COLETA!E$5:E$39)=0,"",SUMPRODUCT((COLETA!$A$5:$A$39=$A9)*COLETA!E$5:E$39)) -> 0 | D9: =IF(COUNT(COLETA!F$5:F$39)=0,"",SUMPRODUCT((COLETA!$A$5:$A$39=$A9)*COLETA!F$5:F$39)) | E9: =IF(COUNT(COLETA!G$5:G$39)=0,"",SUMPRODUCT((COLETA!$A$5:$A$39=$A9)*COLETA!G$5:G$39)) | F9: =IF(COUNT(COLETA!H$5:H$39)=0,"",SUMPRODUCT((COLETA!$A$5:$A$39=$A9)*COLETA!H$5:H$39)) | G9: =IF(COUNT(COLETA!I$5:I$39)=0,"",SUMPRODUCT((COLETA!$A$5:$A$39=$A9)*COLETA!I$5:I$39)) | H9: =IF(COUNT(COLETA!J$5:J$39)=0,"",SUMPRODUCT((COLETA!$A$5:$A$39=$A9)*COLETA!J$5:J$39)) | I9: =IF(COUNT(COLETA!K$5:K$39)=0,"",SUMPRODUCT((COLETA!$A$5:$A$39=$A9)*COLETA!K$5:K$39)) | ... AB9: =IF(COUNT(COLETA!AD$5:AD$39)=0,"",SUMPRODUCT((COLETA!$A$5:$A$39=$A9)*COLETA!AD$5:AD$39))
A10: Wet'n Wild | B10: =IF(COUNT(COLETA!D$5:D$39)=0,"",SUMPRODUCT((COLETA!$A$5:$A$39=$A10)*COLETA!D$5:D$39)) -> 1165000 | C10: =IF(COUNT(COLETA!E$5:E$39)=0,"",SUMPRODUCT((COLETA!$A$5:$A$39=$A10)*COLETA!E$5:E$39)) -> 0 | D10: =IF(COUNT(COLETA!F$5:F$39)=0,"",SUMPRODUCT((COLETA!$A$5:$A$39=$A10)*COLETA!F$5:F$39)) | E10: =IF(COUNT(COLETA!G$5:G$39)=0,"",SUMPRODUCT((COLETA!$A$5:$A$39=$A10)*COLETA!G$5:G$39)) | F10: =IF(COUNT(COLETA!H$5:H$39)=0,"",SUMPRODUCT((COLETA!$A$5:$A$39=$A10)*COLETA!H$5:H$39)) | G10: =IF(COUNT(COLETA!I$5:I$39)=0,"",SUMPRODUCT((COLETA!$A$5:$A$39=$A10)*COLETA!I$5:I$39)) | H10: =IF(COUNT(COLETA!J$5:J$39)=0,"",SUMPRODUCT((COLETA!$A$5:$A$39=$A10)*COLETA!J$5:J$39)) | I10: =IF(COUNT(COLETA!K$5:K$39)=0,"",SUMPRODUCT((COLETA!$A$5:$A$39=$A10)*COLETA!K$5:K$39)) | ... AB10: =IF(COUNT(COLETA!AD$5:AD$39)=0,"",SUMPRODUCT((COLETA!$A$5:$A$39=$A10)*COLETA!AD$5:AD$39))
A11: Thermas de São Pedro | B11: =IF(COUNT(COLETA!D$5:D$39)=0,"",SUMPRODUCT((COLETA!$A$5:$A$39=$A11)*COLETA!D$5:D$39)) -> 1935600 | C11: =IF(COUNT(COLETA!E$5:E$39)=0,"",SUMPRODUCT((COLETA!$A$5:$A$39=$A11)*COLETA!E$5:E$39)) -> 0 | D11: =IF(COUNT(COLETA!F$5:F$39)=0,"",SUMPRODUCT((COLETA!$A$5:$A$39=$A11)*COLETA!F$5:F$39)) | E11: =IF(COUNT(COLETA!G$5:G$39)=0,"",SUMPRODUCT((COLETA!$A$5:$A$39=$A11)*COLETA!G$5:G$39)) | F11: =IF(COUNT(COLETA!H$5:H$39)=0,"",SUMPRODUCT((COLETA!$A$5:$A$39=$A11)*COLETA!H$5:H$39)) | G11: =IF(COUNT(COLETA!I$5:I$39)=0,"",SUMPRODUCT((COLETA!$A$5:$A$39=$A11)*COLETA!I$5:I$39)) | H11: =IF(COUNT(COLETA!J$5:J$39)=0,"",SUMPRODUCT((COLETA!$A$5:$A$39=$A11)*COLETA!J$5:J$39)) | I11: =IF(COUNT(COLETA!K$5:K$39)=0,"",SUMPRODUCT((COLETA!$A$5:$A$39=$A11)*COLETA!K$5:K$39)) | ... AB11: =IF(COUNT(COLETA!AD$5:AD$39)=0,"",SUMPRODUCT((COLETA!$A$5:$A$39=$A11)*COLETA!AD$5:AD$39))
A12: ÍNDICE CONCORRENTES (6) | B12: =IF(B5="","",SUM(B6:B11)) -> 23848602 | C12: =IF(C5="","",SUM(C6:C11)) -> 0 | D12: =IF(D5="","",SUM(D6:D11)) | E12: =IF(E5="","",SUM(E6:E11)) | F12: =IF(F5="","",SUM(F6:F11)) | G12: =IF(G5="","",SUM(G6:G11)) | H12: =IF(H5="","",SUM(H6:H11)) | I12: =IF(I5="","",SUM(I6:I11)) | ... AB12: =IF(AB5="","",SUM(AB6:AB11))
A13: SHARE HOPI HARI | B13: =IFERROR(B5/SUM(B5:B11),"") -> 0.11196416 | C13: =IFERROR(C5/SUM(C5:C11),"") | D13: =IFERROR(D5/SUM(D5:D11),"") | E13: =IFERROR(E5/SUM(E5:E11),"") | F13: =IFERROR(F5/SUM(F5:F11),"") | G13: =IFERROR(G5/SUM(G5:G11),"") | H13: =IFERROR(H5/SUM(H5:H11),"") | I13: =IFERROR(I5/SUM(I5:I11),"") | ... AB13: =IFERROR(AB5/SUM(AB5:AB11),"")
